row_id,category_slug,category_title,prompt,provider,model_id,thinking_level,max_turns,max_cost_usd,sdk_package,label,design_audit
"midi_001","midi_keyboard_controller_with_pitch_wheel_and_sliders","MIDI keyboard controller with pitch wheel and sliders","Create 25-key portable controller with a compact two-octave keybed, two pitch/mod wheels on the left cheek, four velocity pads, and four small rotary encoders along the top edge. Use an open-tree URDF-safe articulation: piano keys depress independently as short prismatic plungers, the pitch wheel rotates on its transverse axle, the mod wheel rotates on its own parallel axle, the pads press vertically, and the encoders rotate continuously. Keep all links visibly supported by parents, avoid closed loops and cable constraints, and make decorative springs, belts, strings, labels, or fabric fixed visual geometry only. Build the geometry with the base SDK/CadQuery style at believable real-world scale.","openai","gpt-5.5-2026-04-23","high","1000","","sdk","25-key portable controller","false"
"midi_002","midi_keyboard_controller_with_pitch_wheel_and_sliders","MIDI keyboard controller with pitch wheel and sliders","Create 49-key studio controller with a four-octave piano-style keybed, nine faders, eight rotary knobs, transport buttons, and a small angled display. Use an open-tree URDF-safe articulation: keys and transport buttons move as prismatic controls, each fader slides in a straight slot, knobs rotate continuously, and the pitch/mod wheels rotate on supported axles. Keep all links visibly supported by parents, avoid closed loops and cable constraints, and make decorative springs, belts, strings, labels, or fabric fixed visual geometry only. Build the geometry with the base SDK/CadQuery style at believable real-world scale.","openai","gpt-5.5-2026-04-23","high","1000","","sdk","49-key studio controller","false"
"midi_003","midi_keyboard_controller_with_pitch_wheel_and_sliders","MIDI keyboard controller with pitch wheel and sliders","Create 61-key performance controller with a broad semi-weighted keybed, left-side wheels, a row of drum pads, and a bank of drawbar-like sliders. Use an open-tree URDF-safe articulation: the keys press independently, pads depress vertically, sliders translate in their tracks, and both wheels rotate without any coupled mechanism. Keep all links visibly supported by parents, avoid closed loops and cable constraints, and make decorative springs, belts, strings, labels, or fabric fixed visual geometry only. Build the geometry with the base SDK/CadQuery style at believable real-world scale.","openai","gpt-5.5-2026-04-23","high","1000","","sdk","61-key performance controller","false"
"midi_004","midi_keyboard_controller_with_pitch_wheel_and_sliders","MIDI keyboard controller with pitch wheel and sliders","Create mini controller with arpeggiator controls with a shallow case, small keys, two touch-strip style sliders modeled as physical sliding tabs, eight pads, and three mode buttons. Use an open-tree URDF-safe articulation: keys, pads, and buttons use prismatic press joints while the two strip tabs slide along straight grooves. Keep all links visibly supported by parents, avoid closed loops and cable constraints, and make decorative springs, belts, strings, labels, or fabric fixed visual geometry only. Build the geometry with the base SDK/CadQuery style at believable real-world scale.","openai","gpt-5.5-2026-04-23","high","1000","","sdk","mini controller with arpeggiator controls","false"
"midi_005","midi_keyboard_controller_with_pitch_wheel_and_sliders","MIDI keyboard controller with pitch wheel and sliders","Create pad-heavy beatmaking keyboard with a short keybed, sixteen square drum pads, four endless encoders, and a single pitch wheel at the left. Use an open-tree URDF-safe articulation: keys and pads depress independently, encoders rotate continuously, and the pitch wheel rotates on a simple axle. Keep all links visibly supported by parents, avoid closed loops and cable constraints, and make decorative springs, belts, strings, labels, or fabric fixed visual geometry only. Build the geometry with the base SDK/CadQuery style at believable real-world scale.","openai","gpt-5.5-2026-04-23","high","1000","","sdk","pad-heavy beatmaking keyboard","false"
"midi_006","midi_keyboard_controller_with_pitch_wheel_and_sliders","MIDI keyboard controller with pitch wheel and sliders","Create weighted 88-key stage controller with a long stage-piano body, full-length keybed, two wheels, assignable knobs, and four long faders. Use an open-tree URDF-safe articulation: all visible keys press vertically, faders slide linearly, knobs rotate, and wheels rotate on fixed transverse shafts. Keep all links visibly supported by parents, avoid closed loops and cable constraints, and make decorative springs, belts, strings, labels, or fabric fixed visual geometry only. Build the geometry with the base SDK/CadQuery style at believable real-world scale.","openai","gpt-5.5-2026-04-23","high","1000","","sdk","weighted 88-key stage controller","false"
"midi_007","midi_keyboard_controller_with_pitch_wheel_and_sliders","MIDI keyboard controller with pitch wheel and sliders","Create desktop synth-style controller with a compact keybed, a sloped control panel with filter knobs, a small joystick, and octave buttons. Use an open-tree URDF-safe articulation: keys and buttons depress, knobs rotate continuously, and the joystick is represented as pitch and roll revolute axes in a supported gimbal. Keep all links visibly supported by parents, avoid closed loops and cable constraints, and make decorative springs, belts, strings, labels, or fabric fixed visual geometry only. Build the geometry with the base SDK/CadQuery style at believable real-world scale.","openai","gpt-5.5-2026-04-23","high","1000","","sdk","desktop synth-style controller","false"
"midi_008","midi_keyboard_controller_with_pitch_wheel_and_sliders","MIDI keyboard controller with pitch wheel and sliders","Create foldable travel MIDI keyboard with two hinged case halves forming one keybed, small keys, a latch tab, and compact pitch/mod wheels. Use an open-tree URDF-safe articulation: the right half folds on a single side hinge, keys depress independently, latch tab slides, and wheels rotate on their axles. Keep all links visibly supported by parents, avoid closed loops and cable constraints, and make decorative springs, belts, strings, labels, or fabric fixed visual geometry only. Build the geometry with the base SDK/CadQuery style at believable real-world scale.","openai","gpt-5.5-2026-04-23","high","1000","","sdk","foldable travel MIDI keyboard","false"
"midi_009","midi_keyboard_controller_with_pitch_wheel_and_sliders","MIDI keyboard controller with pitch wheel and sliders","Create control-surface keyboard with a three-octave keybed, motorless fader bank, rotary encoders with indicator marks, and a tilting display panel. Use an open-tree URDF-safe articulation: keys depress vertically, faders slide, encoders rotate continuously, and the display tilts on a rear hinge. Keep all links visibly supported by parents, avoid closed loops and cable constraints, and make decorative springs, belts, strings, labels, or fabric fixed visual geometry only. Build the geometry with the base SDK/CadQuery style at believable real-world scale.","openai","gpt-5.5-2026-04-23","high","1000","","sdk","control-surface keyboard","false"
"midi_010","midi_keyboard_controller_with_pitch_wheel_and_sliders","MIDI keyboard controller with pitch wheel and sliders","Create drum-pad controller keyboard with a two-octave keybed below a large 4x4 pad grid, two knobs, two faders, and side wheels. Use an open-tree URDF-safe articulation: keys and pads are prismatic, faders translate in straight slots, knobs and wheels rotate on their own supported axes. Keep all links visibly supported by parents, avoid closed loops and cable constraints, and make decorative springs, belts, strings, labels, or fabric fixed visual geometry only. Build the geometry with the base SDK/CadQuery style at believable real-world scale.","openai","gpt-5.5-2026-04-23","high","1000","","sdk","drum-pad controller keyboard","false"
"midi_011","midi_keyboard_controller_with_pitch_wheel_and_sliders","MIDI keyboard controller with pitch wheel and sliders","Create organ-drawbar MIDI keyboard with a waterfall-style keybed, nine drawbar sliders, percussion buttons, and a rotary expression knob. Use an open-tree URDF-safe articulation: keys press downward, drawbars slide along shallow channels, buttons press, and the expression knob rotates continuously. Keep all links visibly supported by parents, avoid closed loops and cable constraints, and make decorative springs, belts, strings, labels, or fabric fixed visual geometry only. Build the geometry with the base SDK/CadQuery style at believable real-world scale.","openai","gpt-5.5-2026-04-23","high","1000","","sdk","organ-drawbar MIDI keyboard","false"
"midi_012","midi_keyboard_controller_with_pitch_wheel_and_sliders","MIDI keyboard controller with pitch wheel and sliders","Create DJ-friendly controller keyboard with a small keybed, two jog-style encoder wheels, four pads, and a crossfader slot. Use an open-tree URDF-safe articulation: keys and pads depress, the crossfader slides left-right, and both jog encoders rotate continuously. Keep all links visibly supported by parents, avoid closed loops and cable constraints, and make decorative springs, belts, strings, labels, or fabric fixed visual geometry only. Build the geometry with the base SDK/CadQuery style at believable real-world scale.","openai","gpt-5.5-2026-04-23","high","1000","","sdk","DJ-friendly controller keyboard","false"
"midi_013","midi_keyboard_controller_with_pitch_wheel_and_sliders","MIDI keyboard controller with pitch wheel and sliders","Create modular-rig controller with a narrow keybed, patch-label panel, eight knobs, two vertical faders, and wheel pair on the left. Use an open-tree URDF-safe articulation: keys move prismatically, faders translate vertically, knobs and wheels rotate independently. Keep all links visibly supported by parents, avoid closed loops and cable constraints, and make decorative springs, belts, strings, labels, or fabric fixed visual geometry only. Build the geometry with the base SDK/CadQuery style at believable real-world scale.","openai","gpt-5.5-2026-04-23","high","1000","","sdk","modular-rig controller","false"
"midi_014","midi_keyboard_controller_with_pitch_wheel_and_sliders","MIDI keyboard controller with pitch wheel and sliders","Create composer desk controller with a low-profile 49-key layout, transport button row, two sliders, and a hinged tablet rest at the rear. Use an open-tree URDF-safe articulation: keys/buttons press, sliders translate, and the tablet rest rotates on a long rear hinge. Keep all links visibly supported by parents, avoid closed loops and cable constraints, and make decorative springs, belts, strings, labels, or fabric fixed visual geometry only. Build the geometry with the base SDK/CadQuery style at believable real-world scale.","openai","gpt-5.5-2026-04-23","high","1000","","sdk","composer desk controller","false"
"midi_015","midi_keyboard_controller_with_pitch_wheel_and_sliders","MIDI keyboard controller with pitch wheel and sliders","Create live-looping keyboard controller with a compact body with keybed, loop pads, start-stop buttons, and three scene sliders. Use an open-tree URDF-safe articulation: keys/pads/buttons depress independently, scene sliders translate, and a master encoder rotates continuously. Keep all links visibly supported by parents, avoid closed loops and cable constraints, and make decorative springs, belts, strings, labels, or fabric fixed visual geometry only. Build the geometry with the base SDK/CadQuery style at believable real-world scale.","openai","gpt-5.5-2026-04-23","high","1000","","sdk","live-looping keyboard controller","false"
"midi_016","midi_keyboard_controller_with_pitch_wheel_and_sliders","MIDI keyboard controller with pitch wheel and sliders","Create MPE-style controller keyboard with a shallow keybed with individual raised key surfaces, pitch/mod wheels, and pressure pads. Use an open-tree URDF-safe articulation: keys and pressure pads press as short prismatic sliders while pitch/mod wheels rotate on parallel axles. Keep all links visibly supported by parents, avoid closed loops and cable constraints, and make decorative springs, belts, strings, labels, or fabric fixed visual geometry only. Build the geometry with the base SDK/CadQuery style at believable real-world scale.","openai","gpt-5.5-2026-04-23","high","1000","","sdk","MPE-style controller keyboard","false"
"midi_017","midi_keyboard_controller_with_pitch_wheel_and_sliders","MIDI keyboard controller with pitch wheel and sliders","Create rack-width MIDI keyboard with a compact rectangular case sized for a studio shelf, short keybed, eight knobs, and side-mounted pitch wheel. Use an open-tree URDF-safe articulation: keys depress, knobs rotate continuously, and the side wheel rotates on a supported axle. Keep all links visibly supported by parents, avoid closed loops and cable constraints, and make decorative springs, belts, strings, labels, or fabric fixed visual geometry only. Build the geometry with the base SDK/CadQuery style at believable real-world scale.","openai","gpt-5.5-2026-04-23","high","1000","","sdk","rack-width MIDI keyboard","false"
"midi_018","midi_keyboard_controller_with_pitch_wheel_and_sliders","MIDI keyboard controller with pitch wheel and sliders","Create controller with ribbon slider with a three-octave keybed, a long front ribbon represented as a sliding tab, pitch/mod wheels, and octave buttons. Use an open-tree URDF-safe articulation: the ribbon tab slides horizontally, keys/buttons depress, and wheels rotate independently. Keep all links visibly supported by parents, avoid closed loops and cable constraints, and make decorative springs, belts, strings, labels, or fabric fixed visual geometry only. Build the geometry with the base SDK/CadQuery style at believable real-world scale.","openai","gpt-5.5-2026-04-23","high","1000","","sdk","controller with ribbon slider","false"
"midi_019","midi_keyboard_controller_with_pitch_wheel_and_sliders","MIDI keyboard controller with pitch wheel and sliders","Create controller with XY pad with a short keybed, a square XY pad with a small puck, two wheels, and four encoders. Use an open-tree URDF-safe articulation: the puck slides on two orthogonal prismatic axes, keys depress, encoders rotate, and wheels rotate on axles. Keep all links visibly supported by parents, avoid closed loops and cable constraints, and make decorative springs, belts, strings, labels, or fabric fixed visual geometry only. Build the geometry with the base SDK/CadQuery style at believable real-world scale.","openai","gpt-5.5-2026-04-23","high","1000","","sdk","controller with XY pad","false"
"midi_020","midi_keyboard_controller_with_pitch_wheel_and_sliders","MIDI keyboard controller with pitch wheel and sliders","Create portable arranger controller with mini keys, chord pads, menu buttons, a small hinged music-rest tab, and a data wheel. Use an open-tree URDF-safe articulation: keys/pads/buttons press, the music-rest tab rotates up on a hinge, and the data wheel rotates continuously. Keep all links visibly supported by parents, avoid closed loops and cable constraints, and make decorative springs, belts, strings, labels, or fabric fixed visual geometry only. Build the geometry with the base SDK/CadQuery style at believable real-world scale.","openai","gpt-5.5-2026-04-23","high","1000","","sdk","portable arranger controller","false"
"midi_021","midi_keyboard_controller_with_pitch_wheel_and_sliders","MIDI keyboard controller with pitch wheel and sliders","Create education MIDI keyboard with color-coded short keys, simplified pitch wheel, volume slider, and three lesson buttons. Use an open-tree URDF-safe articulation: keys/buttons use prismatic press joints, volume slider translates in a straight slot, and the pitch wheel rotates. Keep all links visibly supported by parents, avoid closed loops and cable constraints, and make decorative springs, belts, strings, labels, or fabric fixed visual geometry only. Build the geometry with the base SDK/CadQuery style at believable real-world scale.","openai","gpt-5.5-2026-04-23","high","1000","","sdk","education MIDI keyboard","false"
"midi_022","midi_keyboard_controller_with_pitch_wheel_and_sliders","MIDI keyboard controller with pitch wheel and sliders","Create studio controller with aftertouch strip with a 61-key body, a narrow aftertouch strip modeled as sliding pressure bar, two wheels, and encoder row. Use an open-tree URDF-safe articulation: keys depress, the strip moves prismatically, wheels rotate on axles, and encoders rotate continuously. Keep all links visibly supported by parents, avoid closed loops and cable constraints, and make decorative springs, belts, strings, labels, or fabric fixed visual geometry only. Build the geometry with the base SDK/CadQuery style at believable real-world scale.","openai","gpt-5.5-2026-04-23","high","1000","","sdk","studio controller with aftertouch strip","false"
"midi_023","midi_keyboard_controller_with_pitch_wheel_and_sliders","MIDI keyboard controller with pitch wheel and sliders","Create thin USB controller with a very slim case with low keys, four knobs, two faders, and a sliding power switch. Use an open-tree URDF-safe articulation: keys press downward, faders and power switch slide in guide slots, and knobs rotate continuously. Keep all links visibly supported by parents, avoid closed loops and cable constraints, and make decorative springs, belts, strings, labels, or fabric fixed visual geometry only. Build the geometry with the base SDK/CadQuery style at believable real-world scale.","openai","gpt-5.5-2026-04-23","high","1000","","sdk","thin USB controller","false"
"midi_024","midi_keyboard_controller_with_pitch_wheel_and_sliders","MIDI keyboard controller with pitch wheel and sliders","Create controller with detachable-looking side cheek with a keybed body, left controller cheek with pitch/mod wheels, fader bank, and pad row. Use an open-tree URDF-safe articulation: all motion is open-tree: keys/pads depress, faders slide, wheels rotate; no detachable motion is required. Keep all links visibly supported by parents, avoid closed loops and cable constraints, and make decorative springs, belts, strings, labels, or fabric fixed visual geometry only. Build the geometry with the base SDK/CadQuery style at believable real-world scale.","openai","gpt-5.5-2026-04-23","high","1000","","sdk","controller with detachable-looking side cheek","false"
"midi_025","midi_keyboard_controller_with_pitch_wheel_and_sliders","MIDI keyboard controller with pitch wheel and sliders","Create vintage-style MIDI keyboard with wood-toned side cheeks, full-size keys, two wheels, chunky knobs, and rectangular toggle switches. Use an open-tree URDF-safe articulation: keys press, toggle switches rotate on small pivots, knobs rotate, and wheels rotate on supported axles. Keep all links visibly supported by parents, avoid closed loops and cable constraints, and make decorative springs, belts, strings, labels, or fabric fixed visual geometry only. Build the geometry with the base SDK/CadQuery style at believable real-world scale.","openai","gpt-5.5-2026-04-23","high","1000","","sdk","vintage-style MIDI keyboard","false"
"midi_026","midi_keyboard_controller_with_pitch_wheel_and_sliders","MIDI keyboard controller with pitch wheel and sliders","Create small controller with macro knobs with two-octave keys, eight large macro knobs, four pads, and a rear folding support foot. Use an open-tree URDF-safe articulation: keys/pads depress, knobs rotate continuously, and the rear foot rotates on a simple hinge. Keep all links visibly supported by parents, avoid closed loops and cable constraints, and make decorative springs, belts, strings, labels, or fabric fixed visual geometry only. Build the geometry with the base SDK/CadQuery style at believable real-world scale.","openai","gpt-5.5-2026-04-23","high","1000","","sdk","small controller with macro knobs","false"
"midi_027","midi_keyboard_controller_with_pitch_wheel_and_sliders","MIDI keyboard controller with pitch wheel and sliders","Create controller with transport section with a 49-key body, play stop record buttons, jog encoder, pitch/mod wheels, and master fader. Use an open-tree URDF-safe articulation: buttons/keys depress, jog encoder and wheels rotate, and the master fader slides linearly. Keep all links visibly supported by parents, avoid closed loops and cable constraints, and make decorative springs, belts, strings, labels, or fabric fixed visual geometry only. Build the geometry with the base SDK/CadQuery style at believable real-world scale.","openai","gpt-5.5-2026-04-23","high","1000","","sdk","controller with transport section","false"
"midi_028","midi_keyboard_controller_with_pitch_wheel_and_sliders","MIDI keyboard controller with pitch wheel and sliders","Create performance controller with split zones with two labeled key zones in one long keybed, sliders for each zone, pads, and wheels. Use an open-tree URDF-safe articulation: keys/pads press independently, sliders translate, wheels rotate; zones are visual labeling only. Keep all links visibly supported by parents, avoid closed loops and cable constraints, and make decorative springs, belts, strings, labels, or fabric fixed visual geometry only. Build the geometry with the base SDK/CadQuery style at believable real-world scale.","openai","gpt-5.5-2026-04-23","high","1000","","sdk","performance controller with split zones","false"
"midi_029","midi_keyboard_controller_with_pitch_wheel_and_sliders","MIDI keyboard controller with pitch wheel and sliders","Create compact controller with arched control pod with short keys, raised rear pod with knobs, small faders, and OLED-like display. Use an open-tree URDF-safe articulation: keys depress, knobs rotate, faders slide, and the display panel remains fixed visual geometry. Keep all links visibly supported by parents, avoid closed loops and cable constraints, and make decorative springs, belts, strings, labels, or fabric fixed visual geometry only. Build the geometry with the base SDK/CadQuery style at believable real-world scale.","openai","gpt-5.5-2026-04-23","high","1000","","sdk","compact controller with arched control pod","false"
"midi_030","midi_keyboard_controller_with_pitch_wheel_and_sliders","MIDI keyboard controller with pitch wheel and sliders","Create controller with hinged dust cover with a full-width keybed, transparent hinged dust cover, wheels, and four top knobs. Use an open-tree URDF-safe articulation: the dust cover rotates on a rear hinge, keys press, wheels rotate, and knobs rotate continuously. Keep all links visibly supported by parents, avoid closed loops and cable constraints, and make decorative springs, belts, strings, labels, or fabric fixed visual geometry only. Build the geometry with the base SDK/CadQuery style at believable real-world scale.","openai","gpt-5.5-2026-04-23","high","1000","","sdk","controller with hinged dust cover","false"
"midi_031","midi_keyboard_controller_with_pitch_wheel_and_sliders","MIDI keyboard controller with pitch wheel and sliders","Create controller with expression pedal input mockup with a keybed, left wheels, small rear jack panel, three sliders, and six buttons. Use an open-tree URDF-safe articulation: keys/buttons press, sliders translate, and wheels rotate; rear jacks are fixed detail. Keep all links visibly supported by parents, avoid closed loops and cable constraints, and make decorative springs, belts, strings, labels, or fabric fixed visual geometry only. Build the geometry with the base SDK/CadQuery style at believable real-world scale.","openai","gpt-5.5-2026-04-23","high","1000","","sdk","controller with expression pedal input mockup","false"
"midi_032","midi_keyboard_controller_with_pitch_wheel_and_sliders","MIDI keyboard controller with pitch wheel and sliders","Create micro-key backpack controller with tiny keybed, fold-out rear stand, four pads, one fader, and two mini knobs. Use an open-tree URDF-safe articulation: stand rotates on a hinge, keys/pads press, fader slides, and knobs rotate. Keep all links visibly supported by parents, avoid closed loops and cable constraints, and make decorative springs, belts, strings, labels, or fabric fixed visual geometry only. Build the geometry with the base SDK/CadQuery style at believable real-world scale.","openai","gpt-5.5-2026-04-23","high","1000","","sdk","micro-key backpack controller","false"
"midi_033","midi_keyboard_controller_with_pitch_wheel_and_sliders","MIDI keyboard controller with pitch wheel and sliders","Create large controller with central display hinge with wide keybed, central display that tilts upward, pad bank, faders, and wheel pair. Use an open-tree URDF-safe articulation: display rotates on its rear hinge, keys/pads depress, faders slide, and wheels rotate. Keep all links visibly supported by parents, avoid closed loops and cable constraints, and make decorative springs, belts, strings, labels, or fabric fixed visual geometry only. Build the geometry with the base SDK/CadQuery style at believable real-world scale.","openai","gpt-5.5-2026-04-23","high","1000","","sdk","large controller with central display hinge","false"
"midi_034","midi_keyboard_controller_with_pitch_wheel_and_sliders","MIDI keyboard controller with pitch wheel and sliders","Create controller with separate octave lever with a narrow keybed, left octave lever, pitch wheel, mod wheel, and two small sliders. Use an open-tree URDF-safe articulation: the octave lever rotates on a small side pivot, wheels rotate, sliders translate, and keys press. Keep all links visibly supported by parents, avoid closed loops and cable constraints, and make decorative springs, belts, strings, labels, or fabric fixed visual geometry only. Build the geometry with the base SDK/CadQuery style at believable real-world scale.","openai","gpt-5.5-2026-04-23","high","1000","","sdk","controller with separate octave lever","false"
"midi_035","midi_keyboard_controller_with_pitch_wheel_and_sliders","MIDI keyboard controller with pitch wheel and sliders","Create hybrid piano-controller slab with weighted-looking keybed, minimal knob row, long volume fader, and hinged rear music shelf. Use an open-tree URDF-safe articulation: keys press, fader slides, knobs rotate continuously, and the shelf rotates on a rear hinge. Keep all links visibly supported by parents, avoid closed loops and cable constraints, and make decorative springs, belts, strings, labels, or fabric fixed visual geometry only. Build the geometry with the base SDK/CadQuery style at believable real-world scale.","openai","gpt-5.5-2026-04-23","high","1000","","sdk","hybrid piano-controller slab","false"
"typewriter_001","typewriter_with_return_carriage","Typewriter with return carriage","Create classic office manual typewriter with stepped key rows, a cylindrical platen on a sliding carriage, paper bail rollers, and a long return lever. Use an open-tree URDF-safe articulation: keys depress independently, the carriage slides left-right on rails, the platen rotates continuously, and the return lever rotates on a supported pivot. Keep all links visibly supported by parents, avoid closed loops and cable constraints, and make decorative springs, belts, strings, labels, or fabric fixed visual geometry only. Build the geometry with the base SDK/CadQuery style at believable real-world scale.","openai","gpt-5.5-2026-04-23","high","1000","","sdk","classic office manual typewriter","false"
"typewriter_002","typewriter_with_return_carriage","Typewriter with return carriage","Create portable suitcase typewriter with compact body, low key basket, sliding carriage, folding paper support, and side return lever. Use an open-tree URDF-safe articulation: keys press, carriage translates, platen rotates, paper support hinges upward, and return lever rotates. Keep all links visibly supported by parents, avoid closed loops and cable constraints, and make decorative springs, belts, strings, labels, or fabric fixed visual geometry only. Build the geometry with the base SDK/CadQuery style at believable real-world scale.","openai","gpt-5.5-2026-04-23","high","1000","","sdk","portable suitcase typewriter","false"
"typewriter_003","typewriter_with_return_carriage","Typewriter with return carriage","Create wide-carriage accounting typewriter with broad platen carriage, tab stops, dense key rows, and a paper guide rail. Use an open-tree URDF-safe articulation: keys move as prismatic plungers, the extra-wide carriage slides horizontally, the platen rotates, and small tab stops slide along a rail. Keep all links visibly supported by parents, avoid closed loops and cable constraints, and make decorative springs, belts, strings, labels, or fabric fixed visual geometry only. Build the geometry with the base SDK/CadQuery style at believable real-world scale.","openai","gpt-5.5-2026-04-23","high","1000","","sdk","wide-carriage accounting typewriter","false"
"typewriter_004","typewriter_with_return_carriage","Typewriter with return carriage","Create vintage round-key typewriter with round chrome-rim keycaps, exposed typebar fan as fixed visual detail, carriage, and return lever. Use an open-tree URDF-safe articulation: keys depress, carriage slides, platen rotates, and return lever rotates; typebars are fixed decorative spokes. Keep all links visibly supported by parents, avoid closed loops and cable constraints, and make decorative springs, belts, strings, labels, or fabric fixed visual geometry only. Build the geometry with the base SDK/CadQuery style at believable real-world scale.","openai","gpt-5.5-2026-04-23","high","1000","","sdk","vintage round-key typewriter","false"
"typewriter_005","typewriter_with_return_carriage","Typewriter with return carriage","Create electric office typewriter with boxy powered housing, flat keybed, sliding carriage, platen knob, and hinged top service cover. Use an open-tree URDF-safe articulation: keys press, carriage slides, platen knob rotates with the platen, and the service cover rotates on a rear hinge. Keep all links visibly supported by parents, avoid closed loops and cable constraints, and make decorative springs, belts, strings, labels, or fabric fixed visual geometry only. Build the geometry with the base SDK/CadQuery style at believable real-world scale.","openai","gpt-5.5-2026-04-23","high","1000","","sdk","electric office typewriter","false"
"typewriter_006","typewriter_with_return_carriage","Typewriter with return carriage","Create typewriter with paper table with manual body, rear paper table, movable carriage, platen, and bail arm. Use an open-tree URDF-safe articulation: keys depress, carriage slides, platen rotates, and the bail arm rotates on its own horizontal pivots. Keep all links visibly supported by parents, avoid closed loops and cable constraints, and make decorative springs, belts, strings, labels, or fabric fixed visual geometry only. Build the geometry with the base SDK/CadQuery style at believable real-world scale.","openai","gpt-5.5-2026-04-23","high","1000","","sdk","typewriter with paper table","false"
"typewriter_007","typewriter_with_return_carriage","Typewriter with return carriage","Create typewriter with ribbon spools with two exposed ribbon spools, central type guide, sliding carriage, key rows, and return lever. Use an open-tree URDF-safe articulation: keys press, carriage translates, platen rotates, ribbon spools rotate continuously as independent visual mechanisms, and return lever rotates. Keep all links visibly supported by parents, avoid closed loops and cable constraints, and make decorative springs, belts, strings, labels, or fabric fixed visual geometry only. Build the geometry with the base SDK/CadQuery style at believable real-world scale.","openai","gpt-5.5-2026-04-23","high","1000","","sdk","typewriter with ribbon spools","false"
"typewriter_008","typewriter_with_return_carriage","Typewriter with return carriage","Create children’s learning typewriter with small simplified body, chunky keys, short carriage, and oversized platen knobs. Use an open-tree URDF-safe articulation: keys depress, carriage slides on a straight rail, platen/knobs rotate, and a small paper holder hinges up. Keep all links visibly supported by parents, avoid closed loops and cable constraints, and make decorative springs, belts, strings, labels, or fabric fixed visual geometry only. Build the geometry with the base SDK/CadQuery style at believable real-world scale.","openai","gpt-5.5-2026-04-23","high","1000","","sdk","children’s learning typewriter","false"
"typewriter_009","typewriter_with_return_carriage","Typewriter with return carriage","Create teletype-style typewriter with heavy rectangular base, keyboard front, tall platen carriage, and side feed knob. Use an open-tree URDF-safe articulation: keys press vertically, carriage slides left-right, and platen/feed knob rotate continuously. Keep all links visibly supported by parents, avoid closed loops and cable constraints, and make decorative springs, belts, strings, labels, or fabric fixed visual geometry only. Build the geometry with the base SDK/CadQuery style at believable real-world scale.","openai","gpt-5.5-2026-04-23","high","1000","","sdk","teletype-style typewriter","false"
"typewriter_010","typewriter_with_return_carriage","Typewriter with return carriage","Create portable typewriter with locking carriage with compact shell, carriage lock tab, sliding carriage, platen, and hinged dust cover. Use an open-tree URDF-safe articulation: lock tab slides, carriage translates, keys press, platen rotates, and dust cover opens on a rear hinge. Keep all links visibly supported by parents, avoid closed loops and cable constraints, and make decorative springs, belts, strings, labels, or fabric fixed visual geometry only. Build the geometry with the base SDK/CadQuery style at believable real-world scale.","openai","gpt-5.5-2026-04-23","high","1000","","sdk","portable typewriter with locking carriage","false"
"typewriter_011","typewriter_with_return_carriage","Typewriter with return carriage","Create typewriter with margin sliders with classic body, two margin sliders on the rear rail, carriage, platen, and return lever. Use an open-tree URDF-safe articulation: margin sliders translate along the rail, keys depress, carriage slides, platen rotates, and return lever rotates. Keep all links visibly supported by parents, avoid closed loops and cable constraints, and make decorative springs, belts, strings, labels, or fabric fixed visual geometry only. Build the geometry with the base SDK/CadQuery style at believable real-world scale.","openai","gpt-5.5-2026-04-23","high","1000","","sdk","typewriter with margin sliders","false"
"typewriter_012","typewriter_with_return_carriage","Typewriter with return carriage","Create index-card typewriter with short platen, card guide fence, small key field, and compact return lever. Use an open-tree URDF-safe articulation: card guide slides along the carriage, keys depress, carriage slides, platen rotates, and return lever rotates. Keep all links visibly supported by parents, avoid closed loops and cable constraints, and make decorative springs, belts, strings, labels, or fabric fixed visual geometry only. Build the geometry with the base SDK/CadQuery style at believable real-world scale.","openai","gpt-5.5-2026-04-23","high","1000","","sdk","index-card typewriter","false"
"typewriter_013","typewriter_with_return_carriage","Typewriter with return carriage","Create art deco typewriter with rounded side panels, stepped keys, sliding carriage, platen knobs, and front ribbon selector. Use an open-tree URDF-safe articulation: keys press, carriage slides, platen knobs rotate, and the ribbon selector slides in a short front slot. Keep all links visibly supported by parents, avoid closed loops and cable constraints, and make decorative springs, belts, strings, labels, or fabric fixed visual geometry only. Build the geometry with the base SDK/CadQuery style at believable real-world scale.","openai","gpt-5.5-2026-04-23","high","1000","","sdk","art deco typewriter","false"
"typewriter_014","typewriter_with_return_carriage","Typewriter with return carriage","Create industrial stencil typewriter with rugged base, high carriage rail, simple keys, and a stencil clamp bar. Use an open-tree URDF-safe articulation: keys depress, carriage slides horizontally, platen rotates, and clamp bar rotates open on a small hinge. Keep all links visibly supported by parents, avoid closed loops and cable constraints, and make decorative springs, belts, strings, labels, or fabric fixed visual geometry only. Build the geometry with the base SDK/CadQuery style at believable real-world scale.","openai","gpt-5.5-2026-04-23","high","1000","","sdk","industrial stencil typewriter","false"
"typewriter_015","typewriter_with_return_carriage","Typewriter with return carriage","Create folding-cover typewriter with portable keyboard body with a hinged protective cover, sliding carriage, and return lever. Use an open-tree URDF-safe articulation: cover rotates open, keys press, carriage slides, platen rotates, and lever rotates. Keep all links visibly supported by parents, avoid closed loops and cable constraints, and make decorative springs, belts, strings, labels, or fabric fixed visual geometry only. Build the geometry with the base SDK/CadQuery style at believable real-world scale.","openai","gpt-5.5-2026-04-23","high","1000","","sdk","folding-cover typewriter","false"
"typewriter_016","typewriter_with_return_carriage","Typewriter with return carriage","Create typewriter with numeric keypad extension with main keyfield plus side numeric cluster, broad carriage, tab bar, and platen. Use an open-tree URDF-safe articulation: keys depress, carriage translates, platen rotates, and tab bar presses as a long prismatic control. Keep all links visibly supported by parents, avoid closed loops and cable constraints, and make decorative springs, belts, strings, labels, or fabric fixed visual geometry only. Build the geometry with the base SDK/CadQuery style at believable real-world scale.","openai","gpt-5.5-2026-04-23","high","1000","","sdk","typewriter with numeric keypad extension","false"
"typewriter_017","typewriter_with_return_carriage","Typewriter with return carriage","Create mid-century desktop typewriter with smooth shell, black keycaps, sliding carriage, paper bail, and release knobs. Use an open-tree URDF-safe articulation: keys depress, carriage slides, platen rotates, and bail rotates on its horizontal pivots. Keep all links visibly supported by parents, avoid closed loops and cable constraints, and make decorative springs, belts, strings, labels, or fabric fixed visual geometry only. Build the geometry with the base SDK/CadQuery style at believable real-world scale.","openai","gpt-5.5-2026-04-23","high","1000","","sdk","mid-century desktop typewriter","false"
"typewriter_018","typewriter_with_return_carriage","Typewriter with return carriage","Create typewriter with visible rail carriage with open side rails supporting the carriage, platen cylinder, paper table, and return arm. Use an open-tree URDF-safe articulation: carriage slides on rails, keys depress, platen rotates, paper table hinges, and return arm rotates. Keep all links visibly supported by parents, avoid closed loops and cable constraints, and make decorative springs, belts, strings, labels, or fabric fixed visual geometry only. Build the geometry with the base SDK/CadQuery style at believable real-world scale.","openai","gpt-5.5-2026-04-23","high","1000","","sdk","typewriter with visible rail carriage","false"
"typewriter_019","typewriter_with_return_carriage","Typewriter with return carriage","Create compact travel typewriter with narrow body, small platen, two fold-out feet, and short return lever. Use an open-tree URDF-safe articulation: feet rotate on underside hinges, keys press, carriage slides, platen rotates, and lever rotates. Keep all links visibly supported by parents, avoid closed loops and cable constraints, and make decorative springs, belts, strings, labels, or fabric fixed visual geometry only. Build the geometry with the base SDK/CadQuery style at believable real-world scale.","openai","gpt-5.5-2026-04-23","high","1000","","sdk","compact travel typewriter","false"
"typewriter_020","typewriter_with_return_carriage","Typewriter with return carriage","Create typewriter with correction strip holder with keyboard body, sliding carriage, platen, correction strip spool, and lift cover. Use an open-tree URDF-safe articulation: keys press, carriage slides, platen rotates, strip spool rotates independently, and cover hinges open. Keep all links visibly supported by parents, avoid closed loops and cable constraints, and make decorative springs, belts, strings, labels, or fabric fixed visual geometry only. Build the geometry with the base SDK/CadQuery style at believable real-world scale.","openai","gpt-5.5-2026-04-23","high","1000","","sdk","typewriter with correction strip holder","false"
"typewriter_021","typewriter_with_return_carriage","Typewriter with return carriage","Create large newsroom typewriter with heavy base, tall carriage, broad paper rest, key rows, and return lever. Use an open-tree URDF-safe articulation: keys press, carriage translates, platen rotates, paper rest rotates up, and return lever rotates. Keep all links visibly supported by parents, avoid closed loops and cable constraints, and make decorative springs, belts, strings, labels, or fabric fixed visual geometry only. Build the geometry with the base SDK/CadQuery style at believable real-world scale.","openai","gpt-5.5-2026-04-23","high","1000","","sdk","large newsroom typewriter","false"
"typewriter_022","typewriter_with_return_carriage","Typewriter with return carriage","Create typewriter with carriage release paddles with manual body, left and right release paddles, carriage, platen, and keybed. Use an open-tree URDF-safe articulation: release paddles rotate on short pivots, keys depress, carriage slides, and platen rotates. Keep all links visibly supported by parents, avoid closed loops and cable constraints, and make decorative springs, belts, strings, labels, or fabric fixed visual geometry only. Build the geometry with the base SDK/CadQuery style at believable real-world scale.","openai","gpt-5.5-2026-04-23","high","1000","","sdk","typewriter with carriage release paddles","false"
"typewriter_023","typewriter_with_return_carriage","Typewriter with return carriage","Create typing tutor demonstration typewriter with cutaway-looking body, highlighted sliding carriage, large keys, and exposed platen. Use an open-tree URDF-safe articulation: keys depress independently, carriage slides along a clear rail, and platen rotates continuously. Keep all links visibly supported by parents, avoid closed loops and cable constraints, and make decorative springs, belts, strings, labels, or fabric fixed visual geometry only. Build the geometry with the base SDK/CadQuery style at believable real-world scale.","openai","gpt-5.5-2026-04-23","high","1000","","sdk","typing tutor demonstration typewriter","false"
"typewriter_024","typewriter_with_return_carriage","Typewriter with return carriage","Create typewriter with removable-looking paper tray with standard keybed, rear paper tray panel, sliding carriage, platen, and margin rail. Use an open-tree URDF-safe articulation: paper tray hinges upward, carriage translates, platen rotates, and keys press. Keep all links visibly supported by parents, avoid closed loops and cable constraints, and make decorative springs, belts, strings, labels, or fabric fixed visual geometry only. Build the geometry with the base SDK/CadQuery style at believable real-world scale.","openai","gpt-5.5-2026-04-23","high","1000","","sdk","typewriter with removable-looking paper tray","false"
"typewriter_025","typewriter_with_return_carriage","Typewriter with return carriage","Create library catalog typewriter with compact institutional body, card-width carriage, platen, card fence, and tab lever. Use an open-tree URDF-safe articulation: card fence slides, carriage translates, platen rotates, keys press, and tab lever rotates. Keep all links visibly supported by parents, avoid closed loops and cable constraints, and make decorative springs, belts, strings, labels, or fabric fixed visual geometry only. Build the geometry with the base SDK/CadQuery style at believable real-world scale.","openai","gpt-5.5-2026-04-23","high","1000","","sdk","library catalog typewriter","false"
"typewriter_026","typewriter_with_return_carriage","Typewriter with return carriage","Create scriptwriter portable typewriter with low rectangular case, raised carriage, hinged lid, and return lever. Use an open-tree URDF-safe articulation: lid opens on a rear hinge, keys press, carriage slides, platen rotates, and lever rotates. Keep all links visibly supported by parents, avoid closed loops and cable constraints, and make decorative springs, belts, strings, labels, or fabric fixed visual geometry only. Build the geometry with the base SDK/CadQuery style at believable real-world scale.","openai","gpt-5.5-2026-04-23","high","1000","","sdk","scriptwriter portable typewriter","false"
"typewriter_027","typewriter_with_return_carriage","Typewriter with return carriage","Create electric typewriter with correction key with flat plastic body, key grid, sliding carriage, platen, and small correction tape cover. Use an open-tree URDF-safe articulation: keys depress, carriage slides, platen rotates, and correction cover rotates on a small hinge. Keep all links visibly supported by parents, avoid closed loops and cable constraints, and make decorative springs, belts, strings, labels, or fabric fixed visual geometry only. Build the geometry with the base SDK/CadQuery style at believable real-world scale.","openai","gpt-5.5-2026-04-23","high","1000","","sdk","electric typewriter with correction key","false"
"typewriter_028","typewriter_with_return_carriage","Typewriter with return carriage","Create typewriter with twin platen knobs with manual shell, large knobs at both carriage ends, paper bail, and return lever. Use an open-tree URDF-safe articulation: knobs and platen rotate together, carriage slides, keys depress, bail rotates, and return lever rotates. Keep all links visibly supported by parents, avoid closed loops and cable constraints, and make decorative springs, belts, strings, labels, or fabric fixed visual geometry only. Build the geometry with the base SDK/CadQuery style at believable real-world scale.","openai","gpt-5.5-2026-04-23","high","1000","","sdk","typewriter with twin platen knobs","false"
"typewriter_029","typewriter_with_return_carriage","Typewriter with return carriage","Create typewriter with front ribbon selector with classic key rows, front color selector slider, sliding carriage, platen, and return lever. Use an open-tree URDF-safe articulation: selector slides in a shallow slot, keys press, carriage translates, platen rotates, and lever rotates. Keep all links visibly supported by parents, avoid closed loops and cable constraints, and make decorative springs, belts, strings, labels, or fabric fixed visual geometry only. Build the geometry with the base SDK/CadQuery style at believable real-world scale.","openai","gpt-5.5-2026-04-23","high","1000","","sdk","typewriter with front ribbon selector","false"
"typewriter_030","typewriter_with_return_carriage","Typewriter with return carriage","Create compact reporter typewriter with portable body, short carriage, fold-up rear paper guide, and carriage lock slider. Use an open-tree URDF-safe articulation: paper guide hinges, lock slider translates, keys press, carriage slides, and platen rotates. Keep all links visibly supported by parents, avoid closed loops and cable constraints, and make decorative springs, belts, strings, labels, or fabric fixed visual geometry only. Build the geometry with the base SDK/CadQuery style at believable real-world scale.","openai","gpt-5.5-2026-04-23","high","1000","","sdk","compact reporter typewriter","false"
"typewriter_031","typewriter_with_return_carriage","Typewriter with return carriage","Create typewriter with paper injector rollers with broad carriage, visible feed rollers near platen, keybed, and return lever. Use an open-tree URDF-safe articulation: feed rollers rotate continuously, platen rotates, carriage slides, keys press, and lever rotates. Keep all links visibly supported by parents, avoid closed loops and cable constraints, and make decorative springs, belts, strings, labels, or fabric fixed visual geometry only. Build the geometry with the base SDK/CadQuery style at believable real-world scale.","openai","gpt-5.5-2026-04-23","high","1000","","sdk","typewriter with paper injector rollers","false"
"typewriter_032","typewriter_with_return_carriage","Typewriter with return carriage","Create museum display typewriter with ornate base, round keycaps, sliding carriage, platen, and fixed decorative typebar fan. Use an open-tree URDF-safe articulation: keys depress, carriage slides, platen rotates, and return lever rotates; typebar fan remains fixed visual geometry. Keep all links visibly supported by parents, avoid closed loops and cable constraints, and make decorative springs, belts, strings, labels, or fabric fixed visual geometry only. Build the geometry with the base SDK/CadQuery style at believable real-world scale.","openai","gpt-5.5-2026-04-23","high","1000","","sdk","museum display typewriter","false"
"typewriter_033","typewriter_with_return_carriage","Typewriter with return carriage","Create compact electric daisy-wheel typewriter with boxy body, flat keys, sliding carriage, hinged top cover, and platen cylinder. Use an open-tree URDF-safe articulation: keys depress, carriage slides, platen rotates, and top cover hinges upward. Keep all links visibly supported by parents, avoid closed loops and cable constraints, and make decorative springs, belts, strings, labels, or fabric fixed visual geometry only. Build the geometry with the base SDK/CadQuery style at believable real-world scale.","openai","gpt-5.5-2026-04-23","high","1000","","sdk","compact electric daisy-wheel typewriter","false"
"typewriter_034","typewriter_with_return_carriage","Typewriter with return carriage","Create typewriter with paper release lever with manual body, sliding carriage, platen, paper bail, and small paper-release lever. Use an open-tree URDF-safe articulation: paper-release lever rotates, bail rotates, keys depress, carriage slides, and platen rotates. Keep all links visibly supported by parents, avoid closed loops and cable constraints, and make decorative springs, belts, strings, labels, or fabric fixed visual geometry only. Build the geometry with the base SDK/CadQuery style at believable real-world scale.","openai","gpt-5.5-2026-04-23","high","1000","","sdk","typewriter with paper release lever","false"
"typewriter_035","typewriter_with_return_carriage","Typewriter with return carriage","Create school typing-class typewriter with sturdy base, high-contrast keycaps, carriage, platen, and rear paper rest. Use an open-tree URDF-safe articulation: keys press, carriage translates, platen rotates, and paper rest folds up on a simple hinge. Keep all links visibly supported by parents, avoid closed loops and cable constraints, and make decorative springs, belts, strings, labels, or fabric fixed visual geometry only. Build the geometry with the base SDK/CadQuery style at believable real-world scale.","openai","gpt-5.5-2026-04-23","high","1000","","sdk","school typing-class typewriter","false"
"seesaw_001","seesaw_teeter_totter","Seesaw teeter-totter","Create classic playground seesaw with a long wooden beam, two molded seats, handles, and a central A-frame fulcrum. Use an open-tree URDF-safe articulation: the full beam assembly rotates as one rigid link about a single horizontal revolute axle at the fulcrum. Keep all links visibly supported by parents, avoid closed loops and cable constraints, and make decorative springs, belts, strings, labels, or fabric fixed visual geometry only. Build the geometry with the base SDK/CadQuery style at believable real-world scale.","openai","gpt-5.5-2026-04-23","high","1000","","sdk","classic playground seesaw","false"
"seesaw_002","seesaw_teeter_totter","Seesaw teeter-totter","Create metal tube teeter-totter with a tubular beam with welded handle loops, rubber seats, and a bolted central support. Use an open-tree URDF-safe articulation: the tube, seats, and handles are one moving beam link rotating on the center pivot. Keep all links visibly supported by parents, avoid closed loops and cable constraints, and make decorative springs, belts, strings, labels, or fabric fixed visual geometry only. Build the geometry with the base SDK/CadQuery style at believable real-world scale.","openai","gpt-5.5-2026-04-23","high","1000","","sdk","metal tube teeter-totter","false"
"seesaw_003","seesaw_teeter_totter","Seesaw teeter-totter","Create animal-themed playground seesaw with a beam shaped with simple horse heads at both ends, saddle seats, handles, and central pivot bracket. Use an open-tree URDF-safe articulation: the decorated beam rotates as one rigid child link about the central axle. Keep all links visibly supported by parents, avoid closed loops and cable constraints, and make decorative springs, belts, strings, labels, or fabric fixed visual geometry only. Build the geometry with the base SDK/CadQuery style at believable real-world scale.","openai","gpt-5.5-2026-04-23","high","1000","","sdk","animal-themed playground seesaw","false"
"seesaw_004","seesaw_teeter_totter","Seesaw teeter-totter","Create preschool plastic seesaw with rounded molded beam, wide toddler seats, chunky handles, and low base. Use an open-tree URDF-safe articulation: the single molded beam link rotates on a supported horizontal pivot with no other moving parts. Keep all links visibly supported by parents, avoid closed loops and cable constraints, and make decorative springs, belts, strings, labels, or fabric fixed visual geometry only. Build the geometry with the base SDK/CadQuery style at believable real-world scale.","openai","gpt-5.5-2026-04-23","high","1000","","sdk","preschool plastic seesaw","false"
"seesaw_005","seesaw_teeter_totter","Seesaw teeter-totter","Create park timber seesaw with heavy rectangular plank, steel end caps, simple handles, and concrete-like fulcrum block. Use an open-tree URDF-safe articulation: the plank assembly rotates around a single axle carried by the fulcrum. Keep all links visibly supported by parents, avoid closed loops and cable constraints, and make decorative springs, belts, strings, labels, or fabric fixed visual geometry only. Build the geometry with the base SDK/CadQuery style at believable real-world scale.","openai","gpt-5.5-2026-04-23","high","1000","","sdk","park timber seesaw","false"
"seesaw_006","seesaw_teeter_totter","Seesaw teeter-totter","Create spring-buffered seesaw with long beam, central pivot, small visual bumper springs near the base, and footrests. Use an open-tree URDF-safe articulation: the beam rotates on one revolute joint; bumper springs are fixed visual details only. Keep all links visibly supported by parents, avoid closed loops and cable constraints, and make decorative springs, belts, strings, labels, or fabric fixed visual geometry only. Build the geometry with the base SDK/CadQuery style at believable real-world scale.","openai","gpt-5.5-2026-04-23","high","1000","","sdk","spring-buffered seesaw","false"
"seesaw_007","seesaw_teeter_totter","Seesaw teeter-totter","Create four-seat cross seesaw with two perpendicular beams fused into one cross-shaped moving platform with four seats and a central pivot. Use an open-tree URDF-safe articulation: the entire cross beam rotates as one rigid link about a single horizontal axle. Keep all links visibly supported by parents, avoid closed loops and cable constraints, and make decorative springs, belts, strings, labels, or fabric fixed visual geometry only. Build the geometry with the base SDK/CadQuery style at believable real-world scale.","openai","gpt-5.5-2026-04-23","high","1000","","sdk","four-seat cross seesaw","false"
"seesaw_008","seesaw_teeter_totter","Seesaw teeter-totter","Create boat-shaped teeter-totter with a canoe-like beam shell with seats at both ends, rail handles, and central pedestal. Use an open-tree URDF-safe articulation: the boat-shaped beam rotates as one child link on the pedestal pivot. Keep all links visibly supported by parents, avoid closed loops and cable constraints, and make decorative springs, belts, strings, labels, or fabric fixed visual geometry only. Build the geometry with the base SDK/CadQuery style at believable real-world scale.","openai","gpt-5.5-2026-04-23","high","1000","","sdk","boat-shaped teeter-totter","false"
"seesaw_009","seesaw_teeter_totter","Seesaw teeter-totter","Create minimal backyard seesaw with plain board, two end seats, simple hand grips, and triangular support stand. Use an open-tree URDF-safe articulation: the board and attached seats rotate together around one horizontal revolute joint. Keep all links visibly supported by parents, avoid closed loops and cable constraints, and make decorative springs, belts, strings, labels, or fabric fixed visual geometry only. Build the geometry with the base SDK/CadQuery style at believable real-world scale.","openai","gpt-5.5-2026-04-23","high","1000","","sdk","minimal backyard seesaw","false"
"seesaw_010","seesaw_teeter_totter","Seesaw teeter-totter","Create schoolyard seesaw with rubber bumpers with painted steel beam, bolted seats, U-shaped handles, central axle, and rubber ground bumpers. Use an open-tree URDF-safe articulation: beam assembly rotates on the axle; bumpers stay fixed to the ground/base. Keep all links visibly supported by parents, avoid closed loops and cable constraints, and make decorative springs, belts, strings, labels, or fabric fixed visual geometry only. Build the geometry with the base SDK/CadQuery style at believable real-world scale.","openai","gpt-5.5-2026-04-23","high","1000","","sdk","schoolyard seesaw with rubber bumpers","false"
"seesaw_011","seesaw_teeter_totter","Seesaw teeter-totter","Create inclusive wide-seat seesaw with broad seats with backrests, foot platforms, handles, and low central frame. Use an open-tree URDF-safe articulation: each seat/backrest/foot platform is fixed to the moving beam link, which rotates on one central axle. Keep all links visibly supported by parents, avoid closed loops and cable constraints, and make decorative springs, belts, strings, labels, or fabric fixed visual geometry only. Build the geometry with the base SDK/CadQuery style at believable real-world scale.","openai","gpt-5.5-2026-04-23","high","1000","","sdk","inclusive wide-seat seesaw","false"
"seesaw_012","seesaw_teeter_totter","Seesaw teeter-totter","Create dinosaur-themed seesaw with long stylized dinosaur body beam, two saddle seats, tail/head handles, and central support. Use an open-tree URDF-safe articulation: the themed body is a single rotating beam link on a central revolute pivot. Keep all links visibly supported by parents, avoid closed loops and cable constraints, and make decorative springs, belts, strings, labels, or fabric fixed visual geometry only. Build the geometry with the base SDK/CadQuery style at believable real-world scale.","openai","gpt-5.5-2026-04-23","high","1000","","sdk","dinosaur-themed seesaw","false"
"seesaw_013","seesaw_teeter_totter","Seesaw teeter-totter","Create two-person balance beam seesaw with straight balance beam with textured foot pads, hand posts, and central support. Use an open-tree URDF-safe articulation: the beam rotates about one central horizontal joint while hand posts remain fixed to it. Keep all links visibly supported by parents, avoid closed loops and cable constraints, and make decorative springs, belts, strings, labels, or fabric fixed visual geometry only. Build the geometry with the base SDK/CadQuery style at believable real-world scale.","openai","gpt-5.5-2026-04-23","high","1000","","sdk","two-person balance beam seesaw","false"
"seesaw_014","seesaw_teeter_totter","Seesaw teeter-totter","Create short indoor therapy seesaw with low padded beam, foam-like seats, central rocker bracket, and soft end stops. Use an open-tree URDF-safe articulation: the padded beam rotates around one supported pivot; end stops are fixed visual geometry. Keep all links visibly supported by parents, avoid closed loops and cable constraints, and make decorative springs, belts, strings, labels, or fabric fixed visual geometry only. Build the geometry with the base SDK/CadQuery style at believable real-world scale.","openai","gpt-5.5-2026-04-23","high","1000","","sdk","short indoor therapy seesaw","false"
"seesaw_015","seesaw_teeter_totter","Seesaw teeter-totter","Create playground seesaw with canopy shade with standard beam with small fixed shade panels above each seat and a central support. Use an open-tree URDF-safe articulation: the beam and shade posts rotate as one rigid assembly on the central pivot. Keep all links visibly supported by parents, avoid closed loops and cable constraints, and make decorative springs, belts, strings, labels, or fabric fixed visual geometry only. Build the geometry with the base SDK/CadQuery style at believable real-world scale.","openai","gpt-5.5-2026-04-23","high","1000","","sdk","playground seesaw with canopy shade","false"
"seesaw_016","seesaw_teeter_totter","Seesaw teeter-totter","Create double-handle seesaw with long plank with two handle pairs at each end, small seats, and central steel bracket. Use an open-tree URDF-safe articulation: all handles and seats are fixed to one moving plank link rotating about the fulcrum axle. Keep all links visibly supported by parents, avoid closed loops and cable constraints, and make decorative springs, belts, strings, labels, or fabric fixed visual geometry only. Build the geometry with the base SDK/CadQuery style at believable real-world scale.","openai","gpt-5.5-2026-04-23","high","1000","","sdk","double-handle seesaw","false"
"seesaw_017","seesaw_teeter_totter","Seesaw teeter-totter","Create low-profile toddler rocker seesaw with curved underside beam, broad molded seats, and one central pivot shaft. Use an open-tree URDF-safe articulation: represent the rocker as a beam link rotating on the pivot shaft; curved underside is visual. Keep all links visibly supported by parents, avoid closed loops and cable constraints, and make decorative springs, belts, strings, labels, or fabric fixed visual geometry only. Build the geometry with the base SDK/CadQuery style at believable real-world scale.","openai","gpt-5.5-2026-04-23","high","1000","","sdk","low-profile toddler rocker seesaw","false"
"seesaw_018","seesaw_teeter_totter","Seesaw teeter-totter","Create seesaw with decorative wheels with vehicle-themed beam with car-like ends, fixed decorative wheels, seats, and central pivot. Use an open-tree URDF-safe articulation: the vehicle beam rotates as one link; wheels are fixed or continuous visual axles without coupling. Keep all links visibly supported by parents, avoid closed loops and cable constraints, and make decorative springs, belts, strings, labels, or fabric fixed visual geometry only. Build the geometry with the base SDK/CadQuery style at believable real-world scale.","openai","gpt-5.5-2026-04-23","high","1000","","sdk","seesaw with decorative wheels","false"
"seesaw_019","seesaw_teeter_totter","Seesaw teeter-totter","Create rustic log seesaw with cylindrical log beam, flat saddle seats, wooden handles, and trestle support. Use an open-tree URDF-safe articulation: the log assembly rotates as one rigid link on a horizontal axle. Keep all links visibly supported by parents, avoid closed loops and cable constraints, and make decorative springs, belts, strings, labels, or fabric fixed visual geometry only. Build the geometry with the base SDK/CadQuery style at believable real-world scale.","openai","gpt-5.5-2026-04-23","high","1000","","sdk","rustic log seesaw","false"
"seesaw_020","seesaw_teeter_totter","Seesaw teeter-totter","Create seesaw with adjustable-looking pivot holes with beam with a row of unused adjustment holes, central bracket, seats, and handles. Use an open-tree URDF-safe articulation: only the main beam rotates on one selected central pivot; adjustment holes are fixed detail. Keep all links visibly supported by parents, avoid closed loops and cable constraints, and make decorative springs, belts, strings, labels, or fabric fixed visual geometry only. Build the geometry with the base SDK/CadQuery style at believable real-world scale.","openai","gpt-5.5-2026-04-23","high","1000","","sdk","seesaw with adjustable-looking pivot holes","false"
"seesaw_021","seesaw_teeter_totter","Seesaw teeter-totter","Create playground seesaw with footrests with painted beam, molded seats, handlebar hoops, foot pegs, and central pedestal. Use an open-tree URDF-safe articulation: beam/seat/handle/foot peg assembly rotates as a single child link. Keep all links visibly supported by parents, avoid closed loops and cable constraints, and make decorative springs, belts, strings, labels, or fabric fixed visual geometry only. Build the geometry with the base SDK/CadQuery style at believable real-world scale.","openai","gpt-5.5-2026-04-23","high","1000","","sdk","playground seesaw with footrests","false"
"seesaw_022","seesaw_teeter_totter","Seesaw teeter-totter","Create seesaw shaped like airplane with airplane fuselage beam with tiny wings, two seats, handles, and center stand. Use an open-tree URDF-safe articulation: the airplane-shaped beam is one rotating link about the central stand axle. Keep all links visibly supported by parents, avoid closed loops and cable constraints, and make decorative springs, belts, strings, labels, or fabric fixed visual geometry only. Build the geometry with the base SDK/CadQuery style at believable real-world scale.","openai","gpt-5.5-2026-04-23","high","1000","","sdk","seesaw shaped like airplane","false"
"seesaw_023","seesaw_teeter_totter","Seesaw teeter-totter","Create seesaw with end shock pads with metal beam, rubber shock pads under each end, seats, and central fulcrum. Use an open-tree URDF-safe articulation: beam rotates about the central revolute joint; shock pads are stationary visual details. Keep all links visibly supported by parents, avoid closed loops and cable constraints, and make decorative springs, belts, strings, labels, or fabric fixed visual geometry only. Build the geometry with the base SDK/CadQuery style at believable real-world scale.","openai","gpt-5.5-2026-04-23","high","1000","","sdk","seesaw with end shock pads","false"
"seesaw_024","seesaw_teeter_totter","Seesaw teeter-totter","Create boardwalk park seesaw with weathered plank beam, metal handles, bolted center bracket, and simple triangular base. Use an open-tree URDF-safe articulation: the plank rotates as one rigid link about the bracket axle. Keep all links visibly supported by parents, avoid closed loops and cable constraints, and make decorative springs, belts, strings, labels, or fabric fixed visual geometry only. Build the geometry with the base SDK/CadQuery style at believable real-world scale.","openai","gpt-5.5-2026-04-23","high","1000","","sdk","boardwalk park seesaw","false"
"seesaw_025","seesaw_teeter_totter","Seesaw teeter-totter","Create animal pair seesaw with two sculpted animal seats at the beam ends with central saddle-like support. Use an open-tree URDF-safe articulation: both animals are fixed on one beam link rotating on the central pivot. Keep all links visibly supported by parents, avoid closed loops and cable constraints, and make decorative springs, belts, strings, labels, or fabric fixed visual geometry only. Build the geometry with the base SDK/CadQuery style at believable real-world scale.","openai","gpt-5.5-2026-04-23","high","1000","","sdk","animal pair seesaw","false"
"seesaw_026","seesaw_teeter_totter","Seesaw teeter-totter","Create seesaw with center bearing housing with long beam, cylindrical bearing housing around the pivot, seats, handles, and base plates. Use an open-tree URDF-safe articulation: the beam rotates on the bearing axis while the housing/base remain fixed parent geometry. Keep all links visibly supported by parents, avoid closed loops and cable constraints, and make decorative springs, belts, strings, labels, or fabric fixed visual geometry only. Build the geometry with the base SDK/CadQuery style at believable real-world scale.","openai","gpt-5.5-2026-04-23","high","1000","","sdk","seesaw with center bearing housing","false"
"seesaw_027","seesaw_teeter_totter","Seesaw teeter-totter","Create accessible platform seesaw with wide flat beam with end platforms, guard rails, and a low central fulcrum. Use an open-tree URDF-safe articulation: platforms and rails are fixed to the single beam link rotating about the fulcrum. Keep all links visibly supported by parents, avoid closed loops and cable constraints, and make decorative springs, belts, strings, labels, or fabric fixed visual geometry only. Build the geometry with the base SDK/CadQuery style at believable real-world scale.","openai","gpt-5.5-2026-04-23","high","1000","","sdk","accessible platform seesaw","false"
"seesaw_028","seesaw_teeter_totter","Seesaw teeter-totter","Create short backyard plank seesaw with simple lumber plank, bolt-on handles, small pads, and sawhorse-like center stand. Use an open-tree URDF-safe articulation: plank assembly rotates around a single horizontal axle through the stand. Keep all links visibly supported by parents, avoid closed loops and cable constraints, and make decorative springs, belts, strings, labels, or fabric fixed visual geometry only. Build the geometry with the base SDK/CadQuery style at believable real-world scale.","openai","gpt-5.5-2026-04-23","high","1000","","sdk","short backyard plank seesaw","false"
"seesaw_029","seesaw_teeter_totter","Seesaw teeter-totter","Create playground seesaw with animal handles with painted beam, molded seats, duck-head handles, and central pivot pedestal. Use an open-tree URDF-safe articulation: all themed features are fixed to one rotating beam link. Keep all links visibly supported by parents, avoid closed loops and cable constraints, and make decorative springs, belts, strings, labels, or fabric fixed visual geometry only. Build the geometry with the base SDK/CadQuery style at believable real-world scale.","openai","gpt-5.5-2026-04-23","high","1000","","sdk","playground seesaw with animal handles","false"
"seesaw_030","seesaw_teeter_totter","Seesaw teeter-totter","Create clean engineering-demo seesaw with rectangular beam, two masses at the ends, central support, and visible axle caps. Use an open-tree URDF-safe articulation: the beam and masses rotate as one child link about the single central revolute axle. Keep all links visibly supported by parents, avoid closed loops and cable constraints, and make decorative springs, belts, strings, labels, or fabric fixed visual geometry only. Build the geometry with the base SDK/CadQuery style at believable real-world scale.","openai","gpt-5.5-2026-04-23","high","1000","","sdk","clean engineering-demo seesaw","false"
"mill_001","pepper_salt_mill_with_rotating_top","Pepper/salt mill with rotating top","Create classic wooden pepper mill with tall turned wooden body, rounded top knob, visible lower grinder ring, and small base foot. Use an open-tree URDF-safe articulation: the top knob and cap rotate continuously about the vertical center axis while the body remains fixed. Keep all links visibly supported by parents, avoid closed loops and cable constraints, and make decorative springs, belts, strings, labels, or fabric fixed visual geometry only. Build the geometry with the base SDK/CadQuery style at believable real-world scale.","openai","gpt-5.5-2026-04-23","high","1000","","sdk","classic wooden pepper mill","false"
"mill_002","pepper_salt_mill_with_rotating_top","Pepper/salt mill with rotating top","Create clear acrylic salt grinder with transparent cylindrical reservoir, metal top cap, central shaft detail, and bottom grinder collar. Use an open-tree URDF-safe articulation: the top cap rotates continuously on the vertical axis; internal shaft is fixed visual geometry. Keep all links visibly supported by parents, avoid closed loops and cable constraints, and make decorative springs, belts, strings, labels, or fabric fixed visual geometry only. Build the geometry with the base SDK/CadQuery style at believable real-world scale.","openai","gpt-5.5-2026-04-23","high","1000","","sdk","clear acrylic salt grinder","false"
"mill_003","pepper_salt_mill_with_rotating_top","Pepper/salt mill with rotating top","Create short table pepper mill with squat cylindrical body, domed rotating top, fill seam, and textured grinder base. Use an open-tree URDF-safe articulation: top dome rotates about the vertical centerline and all other parts stay fixed. Keep all links visibly supported by parents, avoid closed loops and cable constraints, and make decorative springs, belts, strings, labels, or fabric fixed visual geometry only. Build the geometry with the base SDK/CadQuery style at believable real-world scale.","openai","gpt-5.5-2026-04-23","high","1000","","sdk","short table pepper mill","false"
"mill_004","pepper_salt_mill_with_rotating_top","Pepper/salt mill with rotating top","Create dual-chamber salt and pepper mill with two side-by-side transparent chambers in one body with separate top knobs. Use an open-tree URDF-safe articulation: each top knob rotates independently about its own vertical axis; chambers are fixed. Keep all links visibly supported by parents, avoid closed loops and cable constraints, and make decorative springs, belts, strings, labels, or fabric fixed visual geometry only. Build the geometry with the base SDK/CadQuery style at believable real-world scale.","openai","gpt-5.5-2026-04-23","high","1000","","sdk","dual-chamber salt and pepper mill","false"
"mill_005","pepper_salt_mill_with_rotating_top","Pepper/salt mill with rotating top","Create restaurant pepper grinder with extra-tall tapered wooden mill, small top nut, long body, and flared base. Use an open-tree URDF-safe articulation: the top nut/cap assembly rotates continuously on the vertical axis as one moving link. Keep all links visibly supported by parents, avoid closed loops and cable constraints, and make decorative springs, belts, strings, labels, or fabric fixed visual geometry only. Build the geometry with the base SDK/CadQuery style at believable real-world scale.","openai","gpt-5.5-2026-04-23","high","1000","","sdk","restaurant pepper grinder","false"
"mill_006","pepper_salt_mill_with_rotating_top","Pepper/salt mill with rotating top","Create modern stainless spice mill with brushed metal cylinder, window slot, knurled rotating top, and lower grind adjuster ring. Use an open-tree URDF-safe articulation: top cap rotates continuously, and lower adjuster ring rotates independently as a second revolute link. Keep all links visibly supported by parents, avoid closed loops and cable constraints, and make decorative springs, belts, strings, labels, or fabric fixed visual geometry only. Build the geometry with the base SDK/CadQuery style at believable real-world scale.","openai","gpt-5.5-2026-04-23","high","1000","","sdk","modern stainless spice mill","false"
"mill_007","pepper_salt_mill_with_rotating_top","Pepper/salt mill with rotating top","Create ceramic salt mill with rounded ceramic body, cork-like filler plug detail, top grinder cap, and foot ring. Use an open-tree URDF-safe articulation: top cap rotates continuously; filler plug is fixed visual detail. Keep all links visibly supported by parents, avoid closed loops and cable constraints, and make decorative springs, belts, strings, labels, or fabric fixed visual geometry only. Build the geometry with the base SDK/CadQuery style at believable real-world scale.","openai","gpt-5.5-2026-04-23","high","1000","","sdk","ceramic salt mill","false"
"mill_008","pepper_salt_mill_with_rotating_top","Pepper/salt mill with rotating top","Create battery-style electric pepper mill with tall cylindrical shell, push-button top, transparent spice window, and grinder collar. Use an open-tree URDF-safe articulation: top button moves prismatically downward while the grinder collar rotates continuously as a visual motorized output. Keep all links visibly supported by parents, avoid closed loops and cable constraints, and make decorative springs, belts, strings, labels, or fabric fixed visual geometry only. Build the geometry with the base SDK/CadQuery style at believable real-world scale.","openai","gpt-5.5-2026-04-23","high","1000","","sdk","battery-style electric pepper mill","false"
"mill_009","pepper_salt_mill_with_rotating_top","Pepper/salt mill with rotating top","Create hourglass pepper mill with narrow waist wooden body, mushroom top, metal center band, and base ring. Use an open-tree URDF-safe articulation: mushroom top rotates about the vertical axis; body and bands are fixed. Keep all links visibly supported by parents, avoid closed loops and cable constraints, and make decorative springs, belts, strings, labels, or fabric fixed visual geometry only. Build the geometry with the base SDK/CadQuery style at believable real-world scale.","openai","gpt-5.5-2026-04-23","high","1000","","sdk","hourglass pepper mill","false"
"mill_010","pepper_salt_mill_with_rotating_top","Pepper/salt mill with rotating top","Create travel-size mini mill with small pocket cylinder, screw-on rotating top, clear lower chamber, and knurled base. Use an open-tree URDF-safe articulation: top rotates continuously while the base/body remains fixed. Keep all links visibly supported by parents, avoid closed loops and cable constraints, and make decorative springs, belts, strings, labels, or fabric fixed visual geometry only. Build the geometry with the base SDK/CadQuery style at believable real-world scale.","openai","gpt-5.5-2026-04-23","high","1000","","sdk","travel-size mini mill","false"
"mill_011","pepper_salt_mill_with_rotating_top","Pepper/salt mill with rotating top","Create chef-grade pepper mill with large cylindrical body, oversized top disk, adjustable bottom dial, and fill seam. Use an open-tree URDF-safe articulation: top disk rotates continuously and bottom dial rotates independently on the same vertical axis. Keep all links visibly supported by parents, avoid closed loops and cable constraints, and make decorative springs, belts, strings, labels, or fabric fixed visual geometry only. Build the geometry with the base SDK/CadQuery style at believable real-world scale.","openai","gpt-5.5-2026-04-23","high","1000","","sdk","chef-grade pepper mill","false"
"mill_012","pepper_salt_mill_with_rotating_top","Pepper/salt mill with rotating top","Create square-bodied salt mill with square-section body with rounded edges, circular rotating cap, and bottom grinder plate. Use an open-tree URDF-safe articulation: cap rotates about the vertical axis, supported by the fixed square body. Keep all links visibly supported by parents, avoid closed loops and cable constraints, and make decorative springs, belts, strings, labels, or fabric fixed visual geometry only. Build the geometry with the base SDK/CadQuery style at believable real-world scale.","openai","gpt-5.5-2026-04-23","high","1000","","sdk","square-bodied salt mill","false"
"mill_013","pepper_salt_mill_with_rotating_top","Pepper/salt mill with rotating top","Create transparent pepper mill with crank top with clear chamber, small horizontal crank handle on the top cap, and bottom grinder collar. Use an open-tree URDF-safe articulation: the crank handle rotates continuously about its own horizontal axle while the top cap can rotate about the vertical axis. Keep all links visibly supported by parents, avoid closed loops and cable constraints, and make decorative springs, belts, strings, labels, or fabric fixed visual geometry only. Build the geometry with the base SDK/CadQuery style at believable real-world scale.","openai","gpt-5.5-2026-04-23","high","1000","","sdk","transparent pepper mill with crank top","false"
"mill_014","pepper_salt_mill_with_rotating_top","Pepper/salt mill with rotating top","Create marble-look salt grinder with heavy cylindrical body, metal top knob, narrow fill seam, and textured base collar. Use an open-tree URDF-safe articulation: top knob rotates continuously on a vertical revolute joint. Keep all links visibly supported by parents, avoid closed loops and cable constraints, and make decorative springs, belts, strings, labels, or fabric fixed visual geometry only. Build the geometry with the base SDK/CadQuery style at believable real-world scale.","openai","gpt-5.5-2026-04-23","high","1000","","sdk","marble-look salt grinder","false"
"mill_015","pepper_salt_mill_with_rotating_top","Pepper/salt mill with rotating top","Create pepper mill with sliding fill door with wooden cylinder, rotating top knob, small side fill door, and lower grinder ring. Use an open-tree URDF-safe articulation: top knob rotates continuously and the fill door slides open on a short vertical prismatic track. Keep all links visibly supported by parents, avoid closed loops and cable constraints, and make decorative springs, belts, strings, labels, or fabric fixed visual geometry only. Build the geometry with the base SDK/CadQuery style at believable real-world scale.","openai","gpt-5.5-2026-04-23","high","1000","","sdk","pepper mill with sliding fill door","false"
"mill_016","pepper_salt_mill_with_rotating_top","Pepper/salt mill with rotating top","Create adjustable salt grinder with clear reservoir, top twist cap, bottom adjustment wheel, and visible fixed central spindle. Use an open-tree URDF-safe articulation: top cap and bottom adjustment wheel rotate independently about the vertical axis. Keep all links visibly supported by parents, avoid closed loops and cable constraints, and make decorative springs, belts, strings, labels, or fabric fixed visual geometry only. Build the geometry with the base SDK/CadQuery style at believable real-world scale.","openai","gpt-5.5-2026-04-23","high","1000","","sdk","adjustable salt grinder","false"
"mill_017","pepper_salt_mill_with_rotating_top","Pepper/salt mill with rotating top","Create novelty lighthouse pepper mill with lighthouse-shaped body, rotating lantern-room top, window details, and base grinder collar. Use an open-tree URDF-safe articulation: lantern top rotates continuously about the vertical axis; body windows are fixed detail. Keep all links visibly supported by parents, avoid closed loops and cable constraints, and make decorative springs, belts, strings, labels, or fabric fixed visual geometry only. Build the geometry with the base SDK/CadQuery style at believable real-world scale.","openai","gpt-5.5-2026-04-23","high","1000","","sdk","novelty lighthouse pepper mill","false"
"mill_018","pepper_salt_mill_with_rotating_top","Pepper/salt mill with rotating top","Create two-tone wooden salt mill with alternating wood bands, domed top cap, small finial, and broad foot. Use an open-tree URDF-safe articulation: top cap and finial rotate as one moving link about the vertical axis. Keep all links visibly supported by parents, avoid closed loops and cable constraints, and make decorative springs, belts, strings, labels, or fabric fixed visual geometry only. Build the geometry with the base SDK/CadQuery style at believable real-world scale.","openai","gpt-5.5-2026-04-23","high","1000","","sdk","two-tone wooden salt mill","false"
"mill_019","pepper_salt_mill_with_rotating_top","Pepper/salt mill with rotating top","Create pepper mill with removable-looking top sleeve with clear lower chamber, dark rotating sleeve cap, lower grind ring, and alignment marks. Use an open-tree URDF-safe articulation: sleeve cap rotates continuously; alignment marks are fixed visual labels. Keep all links visibly supported by parents, avoid closed loops and cable constraints, and make decorative springs, belts, strings, labels, or fabric fixed visual geometry only. Build the geometry with the base SDK/CadQuery style at believable real-world scale.","openai","gpt-5.5-2026-04-23","high","1000","","sdk","pepper mill with removable-looking top sleeve","false"
"mill_020","pepper_salt_mill_with_rotating_top","Pepper/salt mill with rotating top","Create compact picnic spice mill with short clear reservoir, colored top, bottom grinder disk, and small side latch. Use an open-tree URDF-safe articulation: top rotates continuously, grinder disk rotates independently, and side latch rotates on a tiny pivot. Keep all links visibly supported by parents, avoid closed loops and cable constraints, and make decorative springs, belts, strings, labels, or fabric fixed visual geometry only. Build the geometry with the base SDK/CadQuery style at believable real-world scale.","openai","gpt-5.5-2026-04-23","high","1000","","sdk","compact picnic spice mill","false"
